{
  "attention": {
    "loss": [
      0.0408400297164917,
      0.0003815675154328346,
      0.00011458511289674789,
      6.862110603833571e-05,
      3.676729102153331e-05,
      6.118615419836715e-05,
      1.5039365280244965e-05,
      2.672837217687629e-05,
      1.562105171615258e-05,
      1.4309142898127902e-05,
      1.6670062905177474e-05,
      6.6209413489559665e-06,
      6.521396699099569e-06,
      3.825796738965437e-06
    ],
    "accuracy": [
      0.9880155324935913,
      0.9998825192451477,
      1.0,
      1.0,
      1.0,
      1.0,
      1.0,
      1.0,
      1.0,
      1.0,
      1.0,
      1.0,
      1.0,
      1.0
    ],
    "val_loss": [
      2.861018856492592e-06,
      3.576278402306343e-07,
      1.1920928244535389e-07,
      0.0,
      0.0,
      0.0,
      0.0,
      0.0,
      0.0,
      0.0,
      0.0,
      0.0,
      0.0,
      0.0
    ],
    "val_accuracy": [
      1.0,
      1.0,
      1.0,
      1.0,
      1.0,
      1.0,
      1.0,
      1.0,
      1.0,
      1.0,
      1.0,
      1.0,
      1.0,
      1.0
    ]
  },
  "gaze": {
    "loss": [
      0.012211369350552559,
      0.005820561666041613,
      0.004307486116886139,
      0.003508911933749914,
      0.0031524680089205503,
      0.003032102482393384,
      0.002916176337748766,
      0.002870715456083417,
      0.0028675366193056107,
      0.0028675924986600876,
      0.0028661489486694336,
      0.002869287272915244,
      0.002867709379643202,
      0.002868665847927332,
      0.002867632545530796,
      0.0028685899451375008,
      0.0028685478027909994,
      0.0028680700343102217,
      0.002870524302124977,
      0.002865016460418701
    ],
    "val_loss": [
      0.003557023825123906,
      0.0029156331438571215,
      0.0029765721410512924,
      0.0028645351994782686,
      0.0029585249722003937,
      0.002856074832379818,
      0.00290372665040195,
      0.0028619111981242895,
      0.0028665773570537567,
      0.002854041988030076,
      0.002868145937100053,
      0.002875199308618903,
      0.002870091237127781,
      0.0028656632639467716,
      0.0028595346957445145,
      0.0028634185437113047,
      0.0028550142887979746,
      0.002855815691873431,
      0.0028610979206860065,
      0.0028833665419369936
    ]
  }
}